{"cameraMode":{"drawMode":0,"name":"Shaded","section":"Shading Mode"},"sceneLighting":true,"audioPlay":false,"sceneViewState":{"m_AlwaysRefresh":false,"showFog":true,"showSkybox":true,"showFlares":true,"showImageEffects":true,"showParticleSystems":true,"showVisualEffectGraphs":true,"m_FxEnabled":true},"in2DMode":false,"pivot":{"x":0.47362613677978518,"y":-7.167468070983887,"z":-9.235074996948243},"rotation":{"x":0.0021158701274544,"y":-0.8970113396644592,"z":0.44197773933410647,"w":0.004298307932913303},"size":10.149751663208008,"orthographic":false}